{
  "routes": [
    {
      "route": "/api/*",
      "rewrite": "https://sqlanalyzer-api.azurewebsites.net/api/"
    },
    {
      "route": "/*",
      "serve": "/index.html",
      "statusCode": 200
    }
  ],
  "navigationFallback": {
    "rewrite": "/index.html"
  },
  "responseOverrides": {
    "404": {
      "rewrite": "/index.html",
      "statusCode": 200
    }
  },
  "globalHeaders": {
    "X-Content-Type-Options": "nosniff",
    "X-Frame-Options": "SAMEORIGIN",
    "X-XSS-Protection": "1; mode=block",
    "Referrer-Policy": "strict-origin-when-cross-origin",
    "Permissions-Policy": "geolocation=(), microphone=(), camera=()"
  },
  "mimeTypes": {
    ".json": "application/json",
    ".js": "text/javascript",
    ".mjs": "text/javascript",
    ".css": "text/css",
    ".html": "text/html"
  }
}